{"cameraMode":{"drawMode":0,"name":"Shaded","section":"Shading Mode"},"sceneLighting":true,"audioPlay":false,"sceneViewState":{"showFog":true,"showMaterialUpdate":false,"showSkybox":true,"showFlares":true,"showImageEffects":true,"showParticleSystems":true},"in2DMode":false,"pivot":{"x":0.16397476196289063,"y":0.03668212890625,"z":-0.082763671875},"rotation":{"x":-0.33226048946380618,"y":0.3205675482749939,"z":-0.12122123688459397,"w":-0.8787350058555603},"size":0.4342367649078369,"orthographic":true}